observation_date,CUSR0000SAF111
1989-01-01,127.800
1989-02-01,128.800
1989-03-01,129.900
1989-04-01,130.200
1989-05-01,131.500
1989-06-01,131.900
1989-07-01,133.100
1989-08-01,133.700
1989-09-01,134.500
1989-10-01,135.200
1989-11-01,135.800
1989-12-01,136.600
1990-01-01,136.800
1990-02-01,137.300
1990-03-01,137.800
1990-04-01,138.700
1990-05-01,139.300
1990-06-01,140.000
1990-07-01,140.300
1990-08-01,141.000
1990-09-01,141.500
1990-10-01,142.000
1990-11-01,142.300
1990-12-01,143.000
1991-01-01,144.300
1991-02-01,144.200
1991-03-01,144.500
1991-04-01,144.900
1991-05-01,145.300
1991-06-01,145.400
1991-07-01,145.500
1991-08-01,146.000
1991-09-01,146.400
1991-10-01,147.000
1991-11-01,148.200
1991-12-01,148.000
1992-01-01,148.800
1992-02-01,149.100
1992-03-01,149.900
1992-04-01,150.200
1992-05-01,150.700
1992-06-01,151.300
1992-07-01,152.000
1992-08-01,152.600
1992-09-01,152.600
1992-10-01,153.000
1992-11-01,153.500
1992-12-01,154.000
1993-01-01,153.300
1993-02-01,154.600
1993-03-01,154.900
1993-04-01,154.900
1993-05-01,156.300
1993-06-01,156.400
1993-07-01,156.800
1993-08-01,156.900
1993-09-01,157.800
1993-10-01,158.300
1993-11-01,158.800
1993-12-01,159.600
1994-01-01,160.300
1994-02-01,161.000
1994-03-01,160.700
1994-04-01,162.200
1994-05-01,162.300
1994-06-01,163.000
1994-07-01,163.400
1994-08-01,164.100
1994-09-01,164.800
1994-10-01,164.800
1994-11-01,164.500
1994-12-01,164.900
1995-01-01,164.800
1995-02-01,165.500
1995-03-01,165.700
1995-04-01,166.500
1995-05-01,166.600
1995-06-01,167.000
1995-07-01,167.700
1995-08-01,168.200
1995-09-01,168.500
1995-10-01,169.200
1995-11-01,169.800
1995-12-01,170.200
1996-01-01,171.700
1996-02-01,171.800
1996-03-01,172.400
1996-04-01,173.200
1996-05-01,173.600
1996-06-01,173.600
1996-07-01,174.200
1996-08-01,174.300
1996-09-01,174.800
1996-10-01,175.300
1996-11-01,176.200
1996-12-01,176.300
1997-01-01,176.700
1997-02-01,176.600
1997-03-01,177.200
1997-04-01,176.700
1997-05-01,176.900
1997-06-01,177.600
1997-07-01,177.700
1997-08-01,177.900
1997-09-01,178.300
1997-10-01,178.600
1997-11-01,178.700
1997-12-01,178.900
1998-01-01,179.200
1998-02-01,179.600
1998-03-01,180.000
1998-04-01,180.100
1998-05-01,180.500
1998-06-01,181.000
1998-07-01,181.100
1998-08-01,181.900
1998-09-01,182.100
1998-10-01,182.400
1998-11-01,182.900
1998-12-01,182.900
1999-01-01,184.400
1999-02-01,183.800
1999-03-01,184.000
1999-04-01,184.700
1999-05-01,185.000
1999-06-01,185.000
1999-07-01,185.400
1999-08-01,184.000
1999-09-01,185.300
1999-10-01,185.400
1999-11-01,185.700
1999-12-01,186.700
2000-01-01,185.900
2000-02-01,186.000
2000-03-01,186.500
2000-04-01,187.100
2000-05-01,188.300
2000-06-01,186.900
2000-07-01,188.700
2000-08-01,189.000
2000-09-01,188.700
2000-10-01,190.300
2000-11-01,190.100
2000-12-01,191.700
2001-01-01,191.500
2001-02-01,191.900
2001-03-01,192.300
2001-04-01,192.300
2001-05-01,192.800
2001-06-01,193.400
2001-07-01,193.900
2001-08-01,195.000
2001-09-01,195.300
2001-10-01,195.400
2001-11-01,196.100
2001-12-01,196.500
2002-01-01,197.000
2002-02-01,197.600
2002-03-01,197.300
2002-04-01,197.900
2002-05-01,197.700
2002-06-01,197.900
2002-07-01,197.700
2002-08-01,197.700
2002-09-01,198.600
2002-10-01,199.100
2002-11-01,199.400
2002-12-01,198.500
2003-01-01,200.200
2003-02-01,201.700
2003-03-01,202.200
2003-04-01,201.600
2003-05-01,202.500
2003-06-01,202.900
2003-07-01,203.600
2003-08-01,203.600
2003-09-01,203.900
2003-10-01,203.400
2003-11-01,203.600
2003-12-01,204.300
2004-01-01,204.400
2004-02-01,204.300
2004-03-01,204.800
2004-04-01,205.200
2004-05-01,205.500
2004-06-01,205.900
2004-07-01,206.000
2004-08-01,206.300
2004-09-01,206.900
2004-10-01,207.300
2004-11-01,207.900
2004-12-01,207.900
2005-01-01,208.200
2005-02-01,208.400
2005-03-01,208.600
2005-04-01,208.800
2005-05-01,209.100
2005-06-01,208.500
2005-07-01,208.200
2005-08-01,209.300
2005-09-01,208.700
2005-10-01,209.700
2005-11-01,210.200
2005-12-01,209.900
2006-01-01,211.200
2006-02-01,210.200
2006-03-01,210.800
2006-04-01,210.700
2006-05-01,211.200
2006-06-01,212.000
2006-07-01,213.400
2006-08-01,213.800
2006-09-01,214.100
2006-10-01,214.900
2006-11-01,215.500
2006-12-01,216.200
2007-01-01,216.809
2007-02-01,219.002
2007-03-01,218.463
2007-04-01,220.211
2007-05-01,220.234
2007-06-01,221.847
2007-07-01,222.055
2007-08-01,223.179
2007-09-01,223.945
2007-10-01,224.918
2007-11-01,226.623
2007-12-01,228.034
2008-01-01,229.280
2008-02-01,233.243
2008-03-01,236.165
2008-04-01,239.749
2008-05-01,243.428
2008-06-01,244.931
2008-07-01,249.030
2008-08-01,249.376
2008-09-01,251.516
2008-10-01,253.093
2008-11-01,253.773
2008-12-01,254.642
2009-01-01,254.765
2009-02-01,253.683
2009-03-01,253.637
2009-04-01,252.762
2009-05-01,252.271
2009-06-01,252.568
2009-07-01,252.495
2009-08-01,252.025
2009-09-01,251.560
2009-10-01,251.532
2009-11-01,251.362
2009-12-01,252.045
2010-01-01,250.862
2010-02-01,250.968
2010-03-01,250.970
2010-04-01,250.538
2010-05-01,250.820
2010-06-01,249.928
2010-07-01,249.478
2010-08-01,249.523
2010-09-01,250.314
2010-10-01,249.989
2010-11-01,250.644
2010-12-01,251.392
2011-01-01,253.179
2011-02-01,253.568
2011-03-01,255.263
2011-04-01,255.743
2011-05-01,258.223
2011-06-01,260.342
2011-07-01,260.610
2011-08-01,263.095
2011-09-01,264.742
2011-10-01,266.002
2011-11-01,266.408
2011-12-01,266.684
2012-01-01,266.504
2012-02-01,267.323
2012-03-01,266.949
2012-04-01,267.636
2012-05-01,267.830
2012-06-01,266.975
2012-07-01,267.902
2012-08-01,267.683
2012-09-01,267.182
2012-10-01,268.388
2012-11-01,268.800
2012-12-01,268.985
2013-01-01,268.785
2013-02-01,268.948
2013-03-01,269.381
2013-04-01,271.033
2013-05-01,270.372
2013-06-01,271.384
2013-07-01,270.650
2013-08-01,270.985
2013-09-01,271.384
2013-10-01,270.778
2013-11-01,270.712
2013-12-01,270.333
2014-01-01,270.677
2014-02-01,270.552
2014-03-01,270.604
2014-04-01,270.607
2014-05-01,270.950
2014-06-01,270.472
2014-07-01,271.187
2014-08-01,271.522
2014-09-01,271.300
2014-10-01,271.698
2014-11-01,271.282
2014-12-01,271.828
2015-01-01,273.035
2015-02-01,273.047
2015-03-01,273.583
2015-04-01,273.066
2015-05-01,273.308
2015-06-01,274.079
2015-07-01,274.756
2015-08-01,274.374
2015-09-01,274.055
2015-10-01,276.140
2015-11-01,274.797
2015-12-01,274.479
2016-01-01,274.003
2016-02-01,274.877
2016-03-01,272.782
2016-04-01,273.813
2016-05-01,272.921
2016-06-01,272.745
2016-07-01,272.772
2016-08-01,272.535
2016-09-01,272.352
2016-10-01,272.871
2016-11-01,272.989
2016-12-01,272.604
2017-01-01,272.686
2017-02-01,271.755
2017-03-01,271.674
2017-04-01,271.760
2017-05-01,272.234
2017-06-01,272.011
2017-07-01,271.314
2017-08-01,272.102
2017-09-01,271.729
2017-10-01,271.081
2017-11-01,270.714
2017-12-01,270.850
2018-01-01,272.389
2018-02-01,271.446
2018-03-01,271.760
2018-04-01,271.705
2018-05-01,271.759
2018-06-01,273.068
2018-07-01,272.584
2018-08-01,273.004
2018-09-01,273.465
2018-10-01,272.303
2018-11-01,274.215
2018-12-01,275.534
2019-01-01,275.442
2019-02-01,276.175
2019-03-01,276.658
2019-04-01,276.583
2019-05-01,277.556
2019-06-01,276.249
2019-07-01,276.646
2019-08-01,276.228
2019-09-01,276.947
2019-10-01,276.454
2019-11-01,277.131
2019-12-01,276.485
2020-01-01,276.557
2020-02-01,276.841
2020-03-01,276.988
2020-04-01,285.101
2020-05-01,284.648
2020-06-01,285.551
2020-07-01,284.114
2020-08-01,284.153
2020-09-01,283.994
2020-10-01,284.619
2020-11-01,283.571
2020-12-01,285.403
2021-01-01,283.653
2021-02-01,284.413
2021-03-01,284.126
2021-04-01,285.404
2021-05-01,286.442
2021-06-01,286.231
2021-07-01,288.263
2021-08-01,288.582
2021-09-01,291.657
2021-10-01,294.452
2021-11-01,296.521
2021-12-01,299.098
2022-01-01,303.065
2022-02-01,306.640
2022-03-01,311.031
2022-04-01,314.881
2022-05-01,319.697
2022-06-01,325.802
2022-07-01,331.447
2022-08-01,335.829
2022-09-01,338.900
2022-10-01,341.299
2022-11-01,344.928
2022-12-01,347.128
2023-01-01,350.237
2023-02-01,351.380
2023-03-01,353.267
2023-04-01,353.928
2023-05-01,353.983
2023-06-01,354.352
2023-07-01,354.786
2023-08-01,355.865
2023-09-01,355.174
2023-10-01,355.634
2023-11-01,356.661
2023-12-01,355.873
2024-01-01,355.454
2024-02-01,357.308
2024-03-01,354.080
2024-04-01,356.066
2024-05-01,356.542
2024-06-01,356.175
2024-07-01,355.024
2024-08-01,354.916
2024-09-01,355.734
2024-10-01,358.983
2024-11-01,354.815
2024-12-01,358.485
2025-01-01,356.888
2025-02-01,358.304
2025-03-01,357.860
2025-04-01,356.190
2025-05-01,360.109
2025-06-01,359.271
2025-07-01,358.531
2025-08-01,358.997
2025-09-01,361.536
2025-10-01,
2025-11-01,361.707
